<?xml version="1.0" encoding="UTF-8"?>
<GenRun Id="impl_1" LaunchPart="xc7a35ticsg324-1L" LaunchTime="1677790468">
  <File Type="ROUTE-STATUS-PB" Name="Serrure_Elec_route_status.pb"/>
  <File Type="PA-TCL" Name="Serrure_Elec.tcl"/>
  <File Type="OPT-DCP" Name="Serrure_Elec_opt.dcp"/>
  <File Type="INIT-TIMING" Name="Serrure_Elec_timing_summary_init.rpt"/>
  <File Type="OPT-METHODOLOGY-DRC" Name="Serrure_Elec_methodology_drc_opted.rpt"/>
  <File Type="RDI-RDI" Name="Serrure_Elec.vdi"/>
  <File Type="PWROPT-DRC" Name="Serrure_Elec_drc_pwropted.rpt"/>
  <File Type="OPT-DRC" Name="Serrure_Elec_drc_opted.rpt"/>
  <File Type="PWROPT-DCP" Name="Serrure_Elec_pwropt.dcp"/>
  <File Type="OPT-HWDEF" Name="Serrure_Elec.hwdef"/>
  <File Type="OPT-TIMING" Name="Serrure_Elec_timing_summary_opted.rpt"/>
  <File Type="PWROPT-TIMING" Name="Serrure_Elec_timing_summary_pwropted.rpt"/>
  <File Type="PLACE-DCP" Name="Serrure_Elec_placed.dcp"/>
  <File Type="PLACE-IO" Name="Serrure_Elec_io_placed.rpt"/>
  <File Type="PLACE-CLK" Name="Serrure_Elec_clock_utilization_placed.rpt"/>
  <File Type="PLACE-UTIL" Name="Serrure_Elec_utilization_placed.rpt"/>
  <File Type="PLACE-UTIL-PB" Name="Serrure_Elec_utilization_placed.pb"/>
  <File Type="PLACE-CTRL" Name="Serrure_Elec_control_sets_placed.rpt"/>
  <File Type="PLACE-SIMILARITY" Name="Serrure_Elec_incremental_reuse_placed.rpt"/>
  <File Type="PLACE-PRE-SIMILARITY" Name="Serrure_Elec_incremental_reuse_pre_placed.rpt"/>
  <File Type="PLACE-TIMING" Name="Serrure_Elec_timing_summary_placed.rpt"/>
  <File Type="POSTPLACE-PWROPT-DCP" Name="Serrure_Elec_postplace_pwropt.dcp"/>
  <File Type="POSTPLACE-PWROPT-TIMING" Name="Serrure_Elec_timing_summary_postplace_pwropted.rpt"/>
  <File Type="PHYSOPT-DCP" Name="Serrure_Elec_physopt.dcp"/>
  <File Type="PHYSOPT-DRC" Name="Serrure_Elec_drc_physopted.rpt"/>
  <File Type="PHYSOPT-TIMING" Name="Serrure_Elec_timing_summary_physopted.rpt"/>
  <File Type="ROUTE-DCP" Name="Serrure_Elec_routed.dcp"/>
  <File Type="ROUTE-BLACKBOX-DCP" Name="Serrure_Elec_routed_bb.dcp"/>
  <File Type="ROUTE-DRC" Name="Serrure_Elec_drc_routed.rpt"/>
  <File Type="ROUTE-DRC-PB" Name="Serrure_Elec_drc_routed.pb"/>
  <File Type="ROUTE-METHODOLOGY-DRC" Name="Serrure_Elec_methodology_drc_routed.rpt"/>
  <File Type="ROUTE-METHODOLOGY-DRC-PB" Name="Serrure_Elec_methodology_drc_routed.pb"/>
  <File Type="BG-BIT" Name="Serrure_Elec.bit"/>
  <File Type="ROUTE-PWR" Name="Serrure_Elec_power_routed.rpt"/>
  <File Type="ROUTE-PWR-SUM" Name="Serrure_Elec_power_summary_routed.pb"/>
  <File Type="ROUTE-PWR-RPX" Name="Serrure_Elec_power_routed.rpx"/>
  <File Type="ROUTE-STATUS" Name="Serrure_Elec_route_status.rpt"/>
  <File Type="ROUTE-TIMINGSUMMARY" Name="Serrure_Elec_timing_summary_routed.rpt"/>
  <File Type="ROUTE-TIMING-PB" Name="Serrure_Elec_timing_summary_routed.pb"/>
  <File Type="ROUTE-TIMING-RPX" Name="Serrure_Elec_timing_summary_routed.rpx"/>
  <File Type="ROUTE-SIMILARITY" Name="Serrure_Elec_incremental_reuse_routed.rpt"/>
  <File Type="ROUTE-CLK" Name="Serrure_Elec_clock_utilization_routed.rpt"/>
  <File Type="POSTROUTE-PHYSOPT-DCP" Name="Serrure_Elec_postroute_physopt.dcp"/>
  <File Type="POSTROUTE-PHYSOPT-BLACKBOX-DCP" Name="Serrure_Elec_postroute_physopt_bb.dcp"/>
  <File Type="POSTROUTE-PHYSOPT-TIMING" Name="Serrure_Elec_timing_summary_postroute_physopted.rpt"/>
  <File Type="POSTROUTE-PHYSOPT-TIMING-PB" Name="Serrure_Elec_timing_summary_postroute_physopted.pb"/>
  <File Type="POSTROUTE-PHYSOPT-TIMING-RPX" Name="Serrure_Elec_timing_summary_postroute_physopted.rpx"/>
  <File Type="BG-BIN" Name="Serrure_Elec.bin"/>
  <File Type="BITSTR-MSK" Name="Serrure_Elec.msk"/>
  <File Type="BITSTR-RBT" Name="Serrure_Elec.rbt"/>
  <File Type="BITSTR-NKY" Name="Serrure_Elec.nky"/>
  <File Type="BITSTR-BMM" Name="Serrure_Elec_bd.bmm"/>
  <File Type="BITSTR-MMI" Name="Serrure_Elec.mmi"/>
  <File Type="BITSTR-SYSDEF" Name="Serrure_Elec.sysdef"/>
  <File Type="BG-BGN" Name="Serrure_Elec.bgn"/>
  <File Type="BG-DRC" Name="Serrure_Elec.drc"/>
  <File Type="WBT-USG" Name="usage_statistics_webtalk.html"/>
  <FileSet Name="sources" Type="DesignSrcs" RelSrcDir="$PSRCDIR/sources_1">
    <Filter Type="Srcs"/>
    <File Path="$PSRCDIR/sources_1/new/Bascule_D.vhd">
      <FileInfo>
        <Attr Name="UsedIn" Val="synthesis"/>
        <Attr Name="UsedIn" Val="simulation"/>
      </FileInfo>
    </File>
    <File Path="$PSRCDIR/sources_1/new/Four_bit_comp.vhd">
      <FileInfo>
        <Attr Name="UsedIn" Val="synthesis"/>
        <Attr Name="UsedIn" Val="simulation"/>
      </FileInfo>
    </File>
    <File Path="$PSRCDIR/sources_1/new/Register.vhd">
      <FileInfo>
        <Attr Name="UsedIn" Val="synthesis"/>
        <Attr Name="UsedIn" Val="simulation"/>
      </FileInfo>
    </File>
    <File Path="$PSRCDIR/sources_1/new/detection.vhd">
      <FileInfo>
        <Attr Name="UsedIn" Val="synthesis"/>
        <Attr Name="UsedIn" Val="simulation"/>
      </FileInfo>
    </File>
    <File Path="$PSRCDIR/sources_1/new/Comparator.vhd">
      <FileInfo>
        <Attr Name="UsedIn" Val="synthesis"/>
        <Attr Name="UsedIn" Val="simulation"/>
      </FileInfo>
    </File>
    <File Path="$PSRCDIR/sources_1/new/Coder.vhd">
      <FileInfo>
        <Attr Name="UsedIn" Val="synthesis"/>
        <Attr Name="UsedIn" Val="simulation"/>
      </FileInfo>
    </File>
    <File Path="$PSRCDIR/sources_1/new/Memory.vhd">
      <FileInfo>
        <Attr Name="UsedIn" Val="synthesis"/>
        <Attr Name="UsedIn" Val="simulation"/>
      </FileInfo>
    </File>
    <File Path="$PSRCDIR/sources_1/new/Serrure_Elec.vhd">
      <FileInfo>
        <Attr Name="UsedIn" Val="synthesis"/>
        <Attr Name="UsedIn" Val="simulation"/>
      </FileInfo>
    </File>
    <Config>
      <Option Name="DesignMode" Val="RTL"/>
      <Option Name="TopModule" Val="Serrure_Elec"/>
      <Option Name="TopAutoSet" Val="TRUE"/>
    </Config>
  </FileSet>
  <FileSet Name="constrs_in" Type="Constrs" RelSrcDir="$PSRCDIR/constrs_1">
    <Filter Type="Constrs"/>
    <Config>
      <Option Name="ConstrsType" Val="XDC"/>
    </Config>
  </FileSet>
  <Strategy Version="1" Minor="2">
    <StratHandle Name="Vivado Implementation Defaults" Flow="Vivado Implementation 2016"/>
    <Step Id="init_design"/>
    <Step Id="opt_design"/>
    <Step Id="power_opt_design"/>
    <Step Id="place_design"/>
    <Step Id="post_place_power_opt_design"/>
    <Step Id="phys_opt_design"/>
    <Step Id="route_design"/>
    <Step Id="post_route_phys_opt_design"/>
    <Step Id="write_bitstream"/>
  </Strategy>
</GenRun>
